Modelo,Train Accuracy,Val Accuracy,Test Accuracy
rf,0.96875,0.9503105590062112,0.9071207430340558
