Modelo,Train Accuracy,Val Accuracy,Test Accuracy
DNN,0.8902925252914429,0.7732919454574585,0.7987616062164307
